Parking|Aire|Calefaccion|Gimnasio|Restaurante
parking|aire acondicionado|calefacción|gimnasio|restaurante
False|aire acondicionado|calefacción|False|restaurante
parking|aire acondicionado|calefacción|gimnasio|restaurante
parking|aire acondicionado|calefacción|False|restaurante
parking|aire acondicionado|calefacción|False|restaurante
parking|aire acondicionado|calefacción|False|False
parking|aire acondicionado|calefacción|False|False
parking|aire acondicionado|calefacción|gimnasio|restaurante
parking|aire acondicionado|calefacción|gimnasio|restaurante
parking|aire acondicionado|calefacción|gimnasio|False
parking|aire acondicionado|calefacción|gimnasio|restaurante
parking|aire acondicionado|calefacción|gimnasio|False
parking|aire acondicionado|calefacción|gimnasio|restaurante
parking|aire acondicionado|calefacción|gimnasio|False
1. parking en el alojamiento|aire acondicionado|calefacción|gimnasio|restaurante
parking|aire acondicionado|calefacción|gimnasio|restaurante
False|aire acondicionado|calefacción|False|False
parking|False|calefacción|False|restaurante
parking|aire acondicionado|calefacción|gimnasio|restaurante
parking|aire acondicionado|calefacción|False|False
parking|aire acondicionado|calefacción|gimnasio|restaurante
False|aire acondicionado|calefacción|False|False
parking|aire acondicionado|calefacción|False|restaurante
parking|aire acondicionado|calefacción|taquillas en el gimnasio / spa|restaurante
False|aire acondicionado|calefacción|False|False
parking|aire acondicionado|calefacción|gimnasio|restaurante
False|aire acondicionado|calefacción|False|False
parking|aire acondicionado|calefacción|False|restaurante
parking|aire acondicionado|calefacción|gimnasio|restaurante
parking|aire acondicionado|calefacción|False|restaurante
parking|aire acondicionado|calefacción|False|False
parking|aire acondicionado|calefacción|gimnasio|restaurante
parking|aire acondicionado|calefacción|False|False
parking|aire acondicionado|calefacción|False|False
parking|aire acondicionado|calefacción|False|restaurante
parking|aire acondicionado|calefacción|gimnasio|restaurante
parking|aire acondicionado|calefacción|False|False
parking|aire acondicionado|calefacción|False|2 restaurantes
parking|aire acondicionado|calefacción|gimnasio|restaurante
False|aire acondicionado|calefacción|False|False
parking|aire acondicionado|calefacción|gimnasio|restaurante
False|aire acondicionado|calefacción|gimnasio|restaurante
parking|aire acondicionado|calefacción|False|False
False|aire acondicionado|calefacción|False|False
False|aire acondicionado|calefacción|False|False
parking|aire acondicionado|calefacción|False|False
parking|False|False|False|False
False|aire acondicionado|calefacción|False|False
parking|aire acondicionado|False|False|False
parking|aire acondicionado|calefacción|False|False
parking|aire acondicionado|False|False|False
False|aire acondicionado|False|False|False
parking|aire acondicionado|calefacción|False|False
parking|aire acondicionado|calefacción|False|restaurante
parking|aire acondicionado|False|False|False
parking|aire acondicionado|calefacción|gimnasio|restaurante
parking|aire acondicionado|calefacción|gimnasio|False
parking|aire acondicionado|calefacción|gimnasio|False
False|aire acondicionado|calefacción|False|False
parking|aire acondicionado|calefacción|gimnasio|restaurante
parking|aire acondicionado|False|False|False
parking|aire acondicionado|calefacción|False|False
parking|aire acondicionado|calefacción|False|False
parking|aire acondicionado|calefacción|False|restaurante
parking|aire acondicionado|calefacción|False|False
parking|False|calefacción|False|False
parking|aire acondicionado|False|False|False
parking|False|calefacción|False|False
parking|aire acondicionado|calefacción|False|False
parking|False|False|False|False
parking|aire acondicionado|calefacción|False|False
parking|aire acondicionado|calefacción|False|False
parking|aire acondicionado|calefacción|False|False
parking|aire acondicionado|calefacción|False|False
parking|False|False|False|False
parking|False|False|False|False
parking|aire acondicionado|calefacción|False|False
parking|False|False|False|False
False|False|calefacción|False|False
False|aire acondicionado|False|False|False
parking|aire acondicionado|calefacción|False|False
False|aire acondicionado|calefacción|False|False
parking|aire acondicionado|calefacción|False|False
parking|aire acondicionado|calefacción|False|False
parking|False|False|False|restaurante
parking|aire acondicionado|calefacción|False|False
parking|False|calefacción|False|restaurante
parking|False|False|False|False
1. parking fuera del alojamiento|False|calefacción|False|False
False|aire acondicionado|calefacción|False|False
parking|aire acondicionado|calefacción|False|False
parking|aire acondicionado|calefacción|False|False
parking|aire acondicionado|calefacción|False|False
False|aire acondicionado|calefacción|False|restaurante
1. parking en el alojamiento|aire acondicionado|calefacción|False|False
False|aire acondicionado|calefacción|False|False
parking|aire acondicionado|calefacción|False|False
parking|aire acondicionado|False|False|False
parking|aire acondicionado|calefacción|False|2 restaurantes
parking|aire acondicionado|calefacción|False|False
parking|False|False|False|False
parking|aire acondicionado|calefacción|False|False
False|aire acondicionado|calefacción|False|False
False|aire acondicionado|calefacción|False|False
False|aire acondicionado|calefacción|False|False
False|aire acondicionado|calefacción|False|False
parking|aire acondicionado|calefacción|gimnasio|restaurante
False|aire acondicionado|calefacción|False|False
False|aire acondicionado|calefacción|False|False
parking|aire acondicionado|calefacción|False|False
parking|False|False|False|False
False|aire acondicionado|calefacción|False|False
False|aire acondicionado|calefacción|False|False
parking|False|False|False|False
parking|aire acondicionado|False|False|False
parking|aire acondicionado|calefacción|False|False
False|aire acondicionado|calefacción|False|False
False|aire acondicionado|calefacción|False|False
parking|aire acondicionado|calefacción|False|False
parking|aire acondicionado|calefacción|False|False
parking|aire acondicionado|False|False|False
parking|False|False|False|False
False|aire acondicionado|calefacción|False|False
parking|False|False|False|False
False|False|calefacción|False|False
False|aire acondicionado|calefacción|False|False
parking|aire acondicionado|calefacción|False|False
parking|False|False|False|False
parking|aire acondicionado|calefacción|False|False
False|False|calefacción|False|False
False|aire acondicionado|calefacción|False|False
False|aire acondicionado|calefacción|False|False
parking|aire acondicionado|calefacción|False|False
parking|aire acondicionado|calefacción|gimnasio|False
parking|False|False|False|False
False|aire acondicionado|calefacción|False|False
parking|False|calefacción|False|False
parking|False|calefacción|False|False
False|aire acondicionado|calefacción|False|False
False|aire acondicionado|calefacción|False|False
False|aire acondicionado|calefacción|gimnasio|restaurante
parking|False|False|False|False
parking|aire acondicionado|calefacción|False|False
False|aire acondicionado|calefacción|False|False
False|aire acondicionado|False|False|False
False|aire acondicionado|False|False|False
False|False|False|False|False
parking|aire acondicionado|False|False|False
parking|aire acondicionado|calefacción|False|False
parking|aire acondicionado|calefacción|False|False
False|aire acondicionado|calefacción|False|False
parking|False|False|False|False
False|aire acondicionado|calefacción|False|restaurante
parking|aire acondicionado|calefacción|False|restaurante
False|False|calefacción|False|False
parking|False|calefacción|False|False
parking|False|calefacción|False|False
False|False|calefacción|False|False
False|aire acondicionado|calefacción|False|False
parking|aire acondicionado|calefacción|False|False
False|False|calefacción|False|False
False|False|calefacción|False|False
parking|False|False|False|False
parking|aire acondicionado|calefacción|False|False
parking|False|calefacción|False|False
False|aire acondicionado|calefacción|False|False
False|aire acondicionado|calefacción|False|restaurante
False|False|calefacción|False|False
parking|aire acondicionado|calefacción|False|False
parking|False|calefacción|False|False
parking|aire acondicionado|calefacción|False|False
parking|aire acondicionado|calefacción|False|False
parking|aire acondicionado|calefacción|False|False
False|aire acondicionado|calefacción|False|False
False|aire acondicionado|False|False|False
False|aire acondicionado|calefacción|False|False
parking|aire acondicionado|calefacción|False|False
False|aire acondicionado|calefacción|False|False
parking|aire acondicionado|calefacción|False|False
parking|aire acondicionado|calefacción|False|False
parking|aire acondicionado|calefacción|False|False
False|aire acondicionado|calefacción|False|False
parking|False|False|False|False
parking|aire acondicionado|calefacción|False|False
parking|False|False|False|False
parking|False|calefacción|False|False
False|aire acondicionado|calefacción|False|False
parking|False|calefacción|False|False
parking|aire acondicionado|calefacción|False|False
parking|aire acondicionado|calefacción|False|False
parking|False|calefacción|False|False
False|False|calefacción|False|False
parking|aire acondicionado|calefacción|False|False
parking|aire acondicionado|False|False|False
parking|aire acondicionado|calefacción|False|False
False|aire acondicionado|False|False|False
False|aire acondicionado|calefacción|False|False
parking|aire acondicionado|calefacción|False|False
False|aire acondicionado|calefacción|False|False
False|False|calefacción|False|False
False|aire acondicionado|calefacción|False|False
parking|aire acondicionado|calefacción|False|False
False|aire acondicionado|False|False|False
parking|aire acondicionado|False|False|False
parking|aire acondicionado|calefacción|False|restaurante
parking|aire acondicionado|False|False|False
False|aire acondicionado|calefacción|False|False
parking|aire acondicionado|calefacción|False|restaurante
parking|False|False|False|False
False|aire acondicionado|calefacción|False|False
False|aire acondicionado|calefacción|False|False
1. parking fuera del alojamiento|aire acondicionado|calefacción|False|False
False|aire acondicionado|calefacción|False|False
parking|aire acondicionado|calefacción|False|False
parking|aire acondicionado|calefacción|False|False
parking|aire acondicionado|calefacción|False|False
parking|aire acondicionado|calefacción|False|False
False|aire acondicionado|calefacción|False|False
False|aire acondicionado|calefacción|False|False
parking|aire acondicionado|calefacción|gimnasio|restaurante
parking|aire acondicionado|calefacción|False|restaurante
False|aire acondicionado|calefacción|False|False
parking|aire acondicionado|False|False|False
parking|aire acondicionado|calefacción|False|restaurante
parking|aire acondicionado|calefacción|False|False
False|aire acondicionado|calefacción|False|restaurante
False|aire acondicionado|calefacción|False|restaurante
False|aire acondicionado|calefacción|False|False
parking|aire acondicionado|calefacción|False|False
False|aire acondicionado|calefacción|False|False
parking|False|False|False|False
parking|aire acondicionado|False|False|restaurante
False|aire acondicionado|calefacción|False|False
parking|aire acondicionado|calefacción|False|False
parking|False|calefacción|False|False
parking|aire acondicionado|calefacción|False|restaurante
parking|aire acondicionado|calefacción|False|False
parking|aire acondicionado|calefacción|False|False
False|aire acondicionado|calefacción|False|False
parking|aire acondicionado|calefacción|False|False
parking|aire acondicionado|calefacción|False|False
False|aire acondicionado|calefacción|False|False
False|aire acondicionado|calefacción|False|restaurante
False|False|calefacción|False|False
1. parking fuera del alojamiento|aire acondicionado|calefacción|False|False
False|False|False|False|False
parking|aire acondicionado|calefacción|False|restaurante
parking|aire acondicionado|calefacción|False|False
False|aire acondicionado|False|False|False
False|aire acondicionado|calefacción|False|False
False|False|calefacción|False|False
False|aire acondicionado|calefacción|False|False
parking|False|calefacción|False|False
parking|False|calefacción|False|False
False|aire acondicionado|False|False|False
parking|aire acondicionado|False|False|False
False|aire acondicionado|calefacción|False|False
parking|False|calefacción|False|False
parking|aire acondicionado|calefacción|False|False
parking|aire acondicionado|calefacción|False|restaurante
False|aire acondicionado|calefacción|False|False
parking|aire acondicionado|calefacción|False|False
parking|aire acondicionado|calefacción|False|restaurante
parking|False|calefacción|False|False
parking|aire acondicionado|calefacción|False|False
False|aire acondicionado|calefacción|False|False
parking|aire acondicionado|calefacción|False|False
False|aire acondicionado|calefacción|False|False
False|False|calefacción|False|False
False|aire acondicionado|calefacción|False|False
False|aire acondicionado|calefacción|False|False
False|False|calefacción|False|False
False|aire acondicionado|calefacción|False|False
False|aire acondicionado|calefacción|False|False
parking|aire acondicionado|False|False|False
parking|False|calefacción|False|False
False|aire acondicionado|False|False|False
parking|aire acondicionado|calefacción|False|restaurante
False|aire acondicionado|calefacción|False|False
parking|False|calefacción|False|False
False|False|calefacción|False|False
False|aire acondicionado|calefacción|False|False
parking|aire acondicionado|calefacción|False|False
parking|False|calefacción|False|False
parking|aire acondicionado|calefacción|False|False
False|aire acondicionado|calefacción|False|False
False|aire acondicionado|calefacción|False|False
parking|False|calefacción|False|False
False|aire acondicionado|calefacción|False|False
False|False|calefacción|False|False
False|False|calefacción|False|False
False|aire acondicionado|calefacción|False|False
False|False|calefacción|False|False
parking|aire acondicionado|calefacción|False|False
False|aire acondicionado|calefacción|False|False
False|False|calefacción|False|False
parking|aire acondicionado|calefacción|False|False
parking|aire acondicionado|calefacción|False|False
parking|aire acondicionado|calefacción|False|False
1. parking en el alojamiento|aire acondicionado|calefacción|False|False
parking|aire acondicionado|calefacción|False|restaurante
parking|aire acondicionado|calefacción|False|False
False|aire acondicionado|False|False|False
False|False|calefacción|False|False
False|False|False|False|False
parking|aire acondicionado|calefacción|False|restaurante
1. parking en el alojamiento|aire acondicionado|calefacción|False|False
False|aire acondicionado|False|False|False
False|aire acondicionado|calefacción|False|False
parking|aire acondicionado|calefacción|False|False
parking|aire acondicionado|calefacción|False|False
False|aire acondicionado|calefacción|False|False
False|aire acondicionado|calefacción|False|False
parking|aire acondicionado|calefacción|False|False
parking|False|calefacción|False|False
parking|False|False|False|False
False|aire acondicionado|calefacción|False|False
parking|False|False|False|False
parking|aire acondicionado|calefacción|False|False
parking|aire acondicionado|calefacción|False|False
parking|aire acondicionado|False|False|False
parking|False|calefacción|False|False
False|aire acondicionado|calefacción|False|False
parking|aire acondicionado|calefacción|False|False
parking|False|calefacción|False|False
parking|aire acondicionado|calefacción|False|False
False|aire acondicionado|calefacción|False|False
False|False|calefacción|False|False
False|False|False|False|False
False|False|False|False|False
parking|False|False|False|False
parking|aire acondicionado|calefacción|False|False
False|aire acondicionado|calefacción|False|False
False|False|calefacción|False|False
parking|aire acondicionado|calefacción|False|False
False|aire acondicionado|calefacción|False|False
parking|aire acondicionado|calefacción|False|False
parking|aire acondicionado|calefacción|False|False
parking|aire acondicionado|False|False|False
parking|aire acondicionado|calefacción|False|restaurante
parking|aire acondicionado|calefacción|False|False
parking|aire acondicionado|calefacción|gimnasio|False
False|aire acondicionado|calefacción|False|False
False|aire acondicionado|calefacción|False|False
False|False|calefacción|False|False
parking|False|calefacción|False|False
parking|False|False|False|False
False|aire acondicionado|calefacción|False|False
parking|aire acondicionado|False|False|False
False|aire acondicionado|calefacción|False|False
1. parking en el alojamiento|False|calefacción|False|False
parking|False|False|False|False
False|aire acondicionado|calefacción|False|False
parking|False|False|False|False
parking|aire acondicionado|calefacción|False|False
parking|aire acondicionado|calefacción|False|False
parking|False|False|False|False
parking|False|False|False|False
False|aire acondicionado|calefacción|False|False
False|aire acondicionado|calefacción|False|False
False|False|calefacción|False|False
parking|False|False|False|False
parking|False|calefacción|False|False
parking|aire acondicionado|False|False|False
parking|False|False|False|False
False|aire acondicionado|calefacción|False|False
False|False|calefacción|False|False
parking|False|False|False|False
False|aire acondicionado|False|False|False
parking|aire acondicionado|calefacción|False|False
parking|aire acondicionado|False|False|False
parking|aire acondicionado|calefacción|False|False
parking|False|False|False|False
parking|aire acondicionado|calefacción|False|False
parking|aire acondicionado|calefacción|False|False
parking|False|False|False|False
False|False|calefacción|False|False
parking|False|False|False|False
parking|aire acondicionado|calefacción|False|False
parking|aire acondicionado|calefacción|False|False
False|aire acondicionado|calefacción|False|False
False|aire acondicionado|calefacción|False|False
parking|False|False|False|False
False|aire acondicionado|calefacción|False|False
parking|aire acondicionado|False|False|False
False|aire acondicionado|calefacción|False|False
False|False|False|False|False
parking|aire acondicionado|calefacción|False|False
False|aire acondicionado|calefacción|False|False
parking|False|False|False|False
False|aire acondicionado|calefacción|False|False
False|False|calefacción|False|False
False|False|calefacción|False|False
parking|aire acondicionado|calefacción|False|False
parking|aire acondicionado|calefacción|False|False
False|aire acondicionado|calefacción|False|False
parking|False|False|False|False
parking|aire acondicionado|calefacción|False|False
parking|aire acondicionado|calefacción|False|False
parking|aire acondicionado|calefacción|False|False
parking|False|False|False|False
False|False|False|False|False
parking|False|False|False|False
parking|False|False|False|False
False|False|False|False|False
parking|False|False|False|restaurante
parking|aire acondicionado|calefacción|False|False
parking|aire acondicionado|calefacción|False|False
parking|aire acondicionado|calefacción|False|False
False|aire acondicionado|calefacción|False|False
parking|False|False|False|False
parking|aire acondicionado|False|False|False
False|False|False|False|False
False|False|calefacción|False|False
parking|aire acondicionado|calefacción|False|False
parking|aire acondicionado|calefacción|False|False
parking|False|False|False|False
parking|False|False|False|False
parking|aire acondicionado|calefacción|False|False
parking|False|calefacción|False|False
False|aire acondicionado|calefacción|False|False
parking|aire acondicionado|False|False|False
parking|aire acondicionado|False|False|False
False|False|calefacción|False|False
False|aire acondicionado|calefacción|False|False
False|aire acondicionado|False|False|False
False|aire acondicionado|calefacción|False|False
parking|False|False|False|False
parking|aire acondicionado|calefacción|False|False
parking|aire acondicionado|calefacción|False|False
parking|False|calefacción|False|False
parking|aire acondicionado|calefacción|False|False
False|False|False|False|False
False|aire acondicionado|calefacción|False|False
False|aire acondicionado|calefacción|False|False
parking|False|calefacción|False|False
parking|aire acondicionado|calefacción|False|False
parking|aire acondicionado|calefacción|False|False
parking|False|False|False|False
False|False|False|False|False
False|aire acondicionado|calefacción|False|False
False|aire acondicionado|calefacción|False|False
False|aire acondicionado|calefacción|False|False
parking|False|calefacción|False|False
parking|aire acondicionado|calefacción|False|False
parking|aire acondicionado|calefacción|False|False
parking|False|False|False|False
parking|aire acondicionado|calefacción|False|False
parking|False|False|False|False
False|aire acondicionado|calefacción|False|False
parking|aire acondicionado|calefacción|False|False
parking|False|False|False|False
False|aire acondicionado|calefacción|False|False
False|False|calefacción|False|False
False|aire acondicionado|calefacción|False|False
parking|False|False|False|False
parking|aire acondicionado|calefacción|False|False
parking|False|False|False|False
False|aire acondicionado|False|False|False
parking|aire acondicionado|False|False|False
parking|aire acondicionado|calefacción|False|False
parking|aire acondicionado|calefacción|False|False
parking|False|calefacción|False|False
False|False|False|False|False
parking|False|calefacción|False|False
1. parking fuera del alojamiento|aire acondicionado|calefacción|False|False
parking|aire acondicionado|calefacción|False|False
parking|False|calefacción|False|False
False|aire acondicionado|calefacción|False|False
parking|aire acondicionado|calefacción|False|False
False|False|False|False|False
parking|False|False|False|restaurante
parking|False|False|False|False
False|False|calefacción|False|False
parking|False|calefacción|False|False
parking|aire acondicionado|False|False|False
parking|aire acondicionado|calefacción|False|False
False|aire acondicionado|calefacción|False|False
parking|False|calefacción|False|False
False|aire acondicionado|calefacción|False|False
False|aire acondicionado|calefacción|False|False
parking|aire acondicionado|calefacción|False|False
parking|aire acondicionado|calefacción|False|False
parking|False|False|False|False
parking|aire acondicionado|calefacción|False|False
parking|aire acondicionado|calefacción|False|False
False|aire acondicionado|False|False|False
parking|aire acondicionado|calefacción|False|False
parking|aire acondicionado|False|False|False
False|aire acondicionado|calefacción|False|False
parking|aire acondicionado|calefacción|gimnasio|False
False|aire acondicionado|calefacción|gimnasio|False
False|aire acondicionado|calefacción|False|False
parking|False|False|False|False
parking|aire acondicionado|calefacción|False|False
False|False|False|False|False
parking|aire acondicionado|calefacción|False|False
False|aire acondicionado|calefacción|False|False
parking|False|False|False|False
parking|aire acondicionado|calefacción|False|False
False|False|False|False|False
parking|False|calefacción|False|False
False|aire acondicionado|calefacción|False|False
parking|aire acondicionado|calefacción|False|False
False|aire acondicionado|calefacción|False|False
parking|aire acondicionado|calefacción|False|False
parking|aire acondicionado|calefacción|False|False
False|False|False|False|False
parking|aire acondicionado|calefacción|False|False
parking|False|calefacción|False|False
parking|False|calefacción|False|False
parking|False|calefacción|False|False
False|aire acondicionado|calefacción|False|False
False|aire acondicionado|calefacción|False|False
parking|aire acondicionado|calefacción|False|False
parking|False|False|False|False
parking|aire acondicionado|calefacción|False|False
parking|aire acondicionado|False|False|False
False|aire acondicionado|calefacción|False|False
parking|False|calefacción|False|False
parking|aire acondicionado|calefacción|False|False
parking|aire acondicionado|calefacción|False|False
parking|aire acondicionado|calefacción|False|False
False|False|calefacción|False|False
parking|aire acondicionado|calefacción|False|False
1. parking en el alojamiento|aire acondicionado|calefacción|False|False
False|aire acondicionado|calefacción|False|False
parking|aire acondicionado|calefacción|False|False
parking|False|calefacción|False|False
parking|False|calefacción|False|False
False|aire acondicionado|False|False|False
False|aire acondicionado|calefacción|False|False
False|aire acondicionado|calefacción|False|False
False|aire acondicionado|calefacción|False|False
False|aire acondicionado|calefacción|False|False
False|aire acondicionado|calefacción|False|False
parking|aire acondicionado|calefacción|False|False
1. parking fuera del alojamiento|False|False|False|False
parking|aire acondicionado|calefacción|False|False
parking|False|False|False|restaurante
False|False|calefacción|False|False
False|aire acondicionado|calefacción|False|False
parking|aire acondicionado|calefacción|False|False
parking|False|calefacción|False|False
parking|False|calefacción|False|False
False|False|calefacción|False|False
False|aire acondicionado|calefacción|False|False
parking|False|False|False|False
parking|aire acondicionado|calefacción|False|False
parking|aire acondicionado|calefacción|False|False
parking|False|False|False|False
parking|False|False|False|False
parking|aire acondicionado|calefacción|False|False
parking|aire acondicionado|calefacción|False|False
parking|False|False|False|False
parking|aire acondicionado|calefacción|False|False
parking|False|calefacción|False|False
parking|aire acondicionado|calefacción|False|False
False|False|False|False|False
parking|aire acondicionado|calefacción|False|False
parking|aire acondicionado|False|False|False
False|False|calefacción|False|False
parking|aire acondicionado|calefacción|False|False
parking|aire acondicionado|calefacción|False|False
parking|aire acondicionado|calefacción|False|False
False|False|False|False|False
False|False|False|gimnasio|False
parking|False|False|False|False
parking|aire acondicionado|calefacción|gimnasio|2 restaurantes
parking|aire acondicionado|False|gimnasio|False
1. parking fuera del alojamiento|False|calefacción|False|False
parking|aire acondicionado|calefacción|False|False
parking|aire acondicionado|calefacción|False|False
False|aire acondicionado|calefacción|False|False
parking|aire acondicionado|calefacción|False|restaurante
parking|False|calefacción|False|False
parking|False|False|False|False
False|aire acondicionado|False|False|False
parking|aire acondicionado|calefacción|False|restaurante
parking|aire acondicionado|calefacción|False|False
parking|False|False|False|False
parking|False|calefacción|False|False
parking|aire acondicionado|calefacción|False|False
parking|aire acondicionado|calefacción|False|False
parking|False|calefacción|False|False
parking|aire acondicionado|calefacción|False|False
parking|aire acondicionado|calefacción|False|False
False|False|calefacción|False|False
parking|aire acondicionado|calefacción|False|restaurante
False|aire acondicionado|calefacción|False|False
parking|False|calefacción|False|False
False|False|calefacción|False|False
parking|aire acondicionado|calefacción|False|False
parking|False|False|False|False
False|aire acondicionado|calefacción|False|False
False|False|False|False|False
parking|False|calefacción|False|False
False|False|False|False|False
1. parking en el alojamiento|aire acondicionado|calefacción|gimnasio|False
parking|False|calefacción|False|False
parking|aire acondicionado|calefacción|False|False
parking|False|calefacción|False|False
parking|aire acondicionado|calefacción|False|False
False|aire acondicionado|calefacción|False|False
parking|aire acondicionado|calefacción|False|False
parking|aire acondicionado|calefacción|False|False
parking|False|calefacción|False|False
False|aire acondicionado|False|False|False
parking|aire acondicionado|False|False|False
parking|aire acondicionado|calefacción|False|False
parking|aire acondicionado|calefacción|False|False
False|aire acondicionado|calefacción|False|False
parking|aire acondicionado|calefacción|gimnasio|restaurante
parking|aire acondicionado|False|gimnasio|restaurante
parking|aire acondicionado|calefacción|gimnasio|restaurante
False|aire acondicionado|calefacción|False|False
parking|aire acondicionado|calefacción|False|False
parking|aire acondicionado|False|False|False
parking|aire acondicionado|calefacción|False|False
parking|False|calefacción|False|False
False|False|False|False|False
parking|False|False|False|False
parking|False|calefacción|False|False
False|aire acondicionado|calefacción|False|False
parking|False|False|False|False
parking|False|calefacción|False|False
parking|aire acondicionado|calefacción|False|False
False|aire acondicionado|calefacción|False|False
parking|aire acondicionado|calefacción|False|False
parking|False|calefacción|False|False
parking|aire acondicionado|calefacción|False|False
parking|aire acondicionado|calefacción|False|False
parking|aire acondicionado|calefacción|False|False
parking|False|calefacción|False|False
parking|aire acondicionado|False|False|False
parking|False|calefacción|False|False
False|False|calefacción|False|False
parking|False|calefacción|False|False
parking|False|calefacción|False|False
False|aire acondicionado|calefacción|False|False
False|aire acondicionado|calefacción|False|False
1. parking en el alojamiento|aire acondicionado|calefacción|False|False
parking|False|calefacción|False|2 restaurantes
parking|aire acondicionado|calefacción|False|False
False|aire acondicionado|False|False|False
parking|aire acondicionado|calefacción|False|False
parking|aire acondicionado|calefacción|False|False
False|aire acondicionado|calefacción|False|False
parking|aire acondicionado|calefacción|False|False
parking|aire acondicionado|calefacción|False|False
False|False|False|False|False
parking|aire acondicionado|calefacción|False|False
parking|aire acondicionado|calefacción|gimnasio|False
parking|False|calefacción|False|False
False|False|False|gimnasio|False
False|aire acondicionado|calefacción|False|False
parking|aire acondicionado|calefacción|False|restaurante
False|aire acondicionado|False|False|False
parking|aire acondicionado|False|gimnasio|False
parking|aire acondicionado|calefacción|gimnasio|restaurante
parking|aire acondicionado|calefacción|False|False
parking|aire acondicionado|calefacción|False|False
parking|aire acondicionado|calefacción|False|False
parking|aire acondicionado|calefacción|False|False
parking|aire acondicionado|calefacción|False|False
False|aire acondicionado|calefacción|False|False
parking|False|calefacción|False|False
parking|aire acondicionado|calefacción|False|False
parking|aire acondicionado|calefacción|False|False
parking|aire acondicionado|calefacción|False|False
parking|aire acondicionado|calefacción|False|False
parking|aire acondicionado|calefacción|False|False
parking|aire acondicionado|calefacción|False|False
parking|aire acondicionado|calefacción|False|False
False|aire acondicionado|calefacción|False|False
parking|aire acondicionado|calefacción|False|False
parking|aire acondicionado|calefacción|False|False
False|aire acondicionado|calefacción|False|False
parking|False|calefacción|False|False
parking|False|calefacción|False|False
False|aire acondicionado|calefacción|False|False
parking|False|calefacción|False|False
False|aire acondicionado|calefacción|False|False
parking|aire acondicionado|calefacción|False|False
parking|aire acondicionado|calefacción|False|False
False|False|calefacción|False|False
False|aire acondicionado|calefacción|False|False
parking|aire acondicionado|False|False|False
parking|aire acondicionado|calefacción|False|False
parking|False|calefacción|False|False
parking|aire acondicionado|calefacción|False|False
parking|False|calefacción|False|False
parking|aire acondicionado|False|gimnasio|False
False|False|False|False|False
False|False|calefacción|False|False
False|aire acondicionado|calefacción|False|False
parking|aire acondicionado|calefacción|False|False
False|aire acondicionado|calefacción|False|False
parking|aire acondicionado|calefacción|False|False
False|False|calefacción|False|False
False|aire acondicionado|False|False|False
parking|aire acondicionado|calefacción|False|False
False|aire acondicionado|calefacción|False|False
parking|aire acondicionado|calefacción|False|False
False|False|calefacción|False|False
parking|False|False|False|False
1. parking en el alojamiento|aire acondicionado|calefacción|False|False
False|aire acondicionado|calefacción|False|False
parking|False|calefacción|False|False
parking|aire acondicionado|calefacción|False|False
False|aire acondicionado|False|False|False
parking|aire acondicionado|calefacción|False|restaurante
1. parking en el alojamiento|aire acondicionado|calefacción|False|False
parking|False|calefacción|False|False
False|False|False|False|False
parking|False|calefacción|False|False
False|aire acondicionado|calefacción|False|False
parking|aire acondicionado|False|False|False
False|aire acondicionado|calefacción|False|False
False|False|False|False|False
parking|aire acondicionado|calefacción|False|False
parking|aire acondicionado|calefacción|False|False
1. parking fuera del alojamiento|aire acondicionado|calefacción|False|False
parking|aire acondicionado|calefacción|False|False
parking|aire acondicionado|calefacción|False|False
parking|aire acondicionado|False|False|False
False|False|calefacción|False|False
parking|aire acondicionado|calefacción|False|False
1. parking fuera del alojamiento|False|False|False|False
parking|False|calefacción|False|False
1. parking fuera del alojamiento|False|calefacción|False|False
parking|False|calefacción|False|False
False|False|calefacción|False|False
parking|aire acondicionado|calefacción|False|False
False|aire acondicionado|calefacción|False|False
parking|False|calefacción|False|False
parking|False|False|False|False
parking|aire acondicionado|calefacción|False|False
parking|False|calefacción|False|False
parking|aire acondicionado|calefacción|False|False
False|aire acondicionado|calefacción|False|False
parking|aire acondicionado|calefacción|False|False
parking|aire acondicionado|calefacción|False|False
parking|aire acondicionado|calefacción|False|False
parking|aire acondicionado|calefacción|False|False
parking|aire acondicionado|False|False|False
parking|aire acondicionado|calefacción|False|False
parking|aire acondicionado|calefacción|False|False
False|aire acondicionado|calefacción|False|restaurante
parking|aire acondicionado|calefacción|False|False
False|False|calefacción|False|False
False|aire acondicionado|calefacción|False|restaurante
parking|aire acondicionado|calefacción|False|restaurante
False|aire acondicionado|calefacción|False|False
False|aire acondicionado|calefacción|False|False
parking|False|calefacción|False|False
parking|aire acondicionado|calefacción|False|False
parking|False|calefacción|False|restaurante
False|aire acondicionado|calefacción|False|False
parking|False|calefacción|False|False
parking|aire acondicionado|calefacción|False|False
parking|aire acondicionado|calefacción|False|False
parking|aire acondicionado|calefacción|gimnasio|restaurante
parking|aire acondicionado|False|False|False
parking|aire acondicionado|calefacción|False|False
parking|False|calefacción|False|False
False|False|calefacción|False|False
False|False|calefacción|False|False
parking|False|calefacción|False|False
False|aire acondicionado|False|False|False
parking|aire acondicionado|calefacción|False|False
parking|aire acondicionado|calefacción|False|False
False|aire acondicionado|calefacción|False|False
parking|False|calefacción|False|False
False|aire acondicionado|calefacción|False|False
parking|aire acondicionado|calefacción|False|False
parking|aire acondicionado|calefacción|False|False
parking|False|False|False|False
parking|False|calefacción|False|False
False|False|calefacción|False|False
False|False|False|False|False
parking|False|calefacción|False|False
False|aire acondicionado|calefacción|False|False
parking|aire acondicionado|calefacción|False|False
parking|aire acondicionado|calefacción|False|False
parking|aire acondicionado|calefacción|False|False
1. parking fuera del alojamiento|aire acondicionado|calefacción|False|False
parking|False|False|False|False
parking|aire acondicionado|calefacción|False|False
parking|False|False|False|False
False|aire acondicionado|False|False|False
parking|aire acondicionado|calefacción|False|False
False|aire acondicionado|calefacción|False|False
False|False|calefacción|False|False
False|False|False|False|False
parking|False|False|False|False
parking|False|False|False|False
False|aire acondicionado|calefacción|False|False
parking|False|calefacción|False|False
False|aire acondicionado|False|False|False
False|False|False|False|False
False|aire acondicionado|False|False|False
parking|aire acondicionado|calefacción|False|False
parking|False|calefacción|False|False
parking|False|calefacción|False|False
parking|aire acondicionado|calefacción|False|False
parking|aire acondicionado|calefacción|False|False
1. parking fuera del alojamiento|aire acondicionado|calefacción|False|False
False|aire acondicionado|calefacción|False|False
parking|aire acondicionado|calefacción|False|False
parking|aire acondicionado|False|False|False
parking|aire acondicionado|calefacción|False|False
False|aire acondicionado|calefacción|False|False
parking|aire acondicionado|calefacción|False|False
parking|aire acondicionado|calefacción|False|False
